Student ID,Student Name,Gender,Birthday,Social ID,Main Class,Password
20127100,Nguyen Van Bao,Male,5/11/2002,123456789123,20CLC01,12345678
20127952,Tran Thi Mai,Female,18/7/2002,542525425423,20CLC01,12345678
20127880,Le Van Minh,Male,23/4/2002,112233445566,20CLC01,12345678
20127433,Pham Thanh Huong,Female,9/9/2002,223344556677,20CLC01,12345678
20127187,Hoang Tuan Anh,Male,13/2/2002,334455667788,20CLC01,12345678
20127199,Nguyen Thi Thao,Female,28/10/2002,445566778899,20CLC01,12345678
20127424,Vo Quang Hieu,Male,19/6/2002,556677889900,20CLC01,12345678
20127975,Do Thu Ha,Female,8/1/2002,667788990011,20CLC01,12345678
20127176,Trinh Duy Khanh,Male,14/12/2002,778899001122,20CLC01,12345678
20127182,Bui Thi Lan,Female,25/3/2002,889900112233,20CLC01,12345678
20127897,Luu Hoang Long,Male,6/8/2002,990011223344,20CLC01,12345678
20127189,Ngo Thanh Nhan,Female,10/5/2002,123456789003,20CLC01,12345678
20127857,Phan Huy Hoang,Male,7/11/2002,123456789012,20CLC01,12345678
20127426,Dinh Thi Ngoc,Female,20/9/2002,234567890123,20CLC01,12345678
20127373,Huynh Van Hung,Male,3/2/2002,345678901234,20CLC01,12345678
20127943,Tran Ngoc Anh,Female,12/7/2002,456789012345,20CLC01,12345678
20127436,Nguyen Duc Quan,Male,29/1/2002,567890123456,20CLC01,12345678
20127743,Ho Van Linh,Female,17/6/2002,678901234567,20CLC01,12345678
20127369,Vo Thi Mai,Male,11/4/2002,789012345678,20CLC01,12345678
20127771,Le Minh Tuan,Female,2/8/2002,890123456789,20CLC01,12345678
20127765,Truong Thi Kim Loan,Male,16/12/2002,901234567890,20CLC01,12345678
20127762,Nguyen Hoang Nam,Female,24/10/2002,123456789001,20CLC01,12345678
20127253,Tran Thi Nga,Male,22/3/2002,234567890112,20CLC01,12345678
20127386,Le Cong Trung,Female,9/7/2002,345678901223,20CLC01,12345678
20127519,Pham Thi Dieu Linh,Male,5/6/2002,456789012334,20CLC01,12345678
20127529,Hoang Minh Quan,Female,21/11/2002,567890123445,20CLC01,12345678
20127480,Vo Thi Thanh Truc,Male,1/2/2002,678901234556,20CLC01,12345678
20127710,Do Van Hieu,Female,28/9/2002,789012345667,20CLC01,12345678
20127597,Trinh Thi Thu Trang,Male,14/8/2002,890123456778,20CLC01,12345678
20127588,Bui Van Cuong,Female,7/4/2002,901234567889,20CLC01,12345678
20127955,Luu Thi Hien,Male,19/1/2002,123456789900,20CLC01,12345678
20127958,Ngo Duc An,Female,23/5/2002,234567890011,20CLC01,12345678
20127269,Phan Thi Ngoc Anh,Male,12/10/2002,345678901122,20CLC01,12345678
20127226,Dinh Van Hoa,Female,8/3/2002,456789012233,20CLC01,12345678
20127675,Huynh Thi My,Male,2/9/2002,567890123344,20CLC01,12345678
20127338,Tran Quang Huy,Female,11/6/2002,678901234455,20CLC01,12345678
20127511,Nguyen Thi Kim Anh,Male,15/12/2002,789012345566,20CLC01,12345678
20127930,Ho Van Khanh,Female,26/8/2002,890123456677,20CLC01,12345678
20127206,Vo Thi Phuong Anh,Male,18/4/2002,901234567788,20CLC01,12345678
20127899,Le Minh Hung,Female,3/11/2002,123456789899,20CLC01,12345678
20127865,Truong Van Thanh,Male,20/7/2002,234567890900,20CLC01,12345678
20127934,Nguyen Thi Bich Ngoc,Female,9/2/2002,345678901011,20CLC01,12345678
20127814,Tran Van Phuc,Male,5/10/2002,456789012122,20CLC01,12345678
20127522,Le Thi Thanh Tam,Female,24/6/2002,567890123233,20CLC01,12345678
20127360,Pham Van Khanh,Male,13/1/2002,678901234344,20CLC01,12345678
20127552,Hoang Thi Huong,Female,17/3/2002,789012345455,20CLC01,12345678
20127961,Vo Van An,Male,30/11/2002,890123456566,20CLC01,12345678
20127430,Do Thi Thuy Linh,Female,22/9/2002,901234567677,20CLC01,12345678
20127915,Trinh Van Hien,Male,10/5/2002,123456789788,20CLC01,12345678
20127533,Bui Thi Lan Anh,Female,6/7/2002,234567890899,20CLC02,12345678
20127459,Luu Van Anh,Male,21/12/2002,345678901900,20CLC02,12345678
20127984,Ngo Thi Ngoc Tram,Female,1/10/2002,456789012011,20CLC02,12345678
20127734,Phan Van Hieu,Male,8/4/2002,567890123122,20CLC02,12345678
20127314,Dinh Thi Hong,Female,18/2/2002,678901234233,20CLC02,12345678
20127390,Huynh Van Minh,Male,11/8/2002,789012345344,20CLC02,12345678
20127660,Tran Thi My Linh,Female,28/3/2002,890123456455,20CLC02,12345678
20127688,Nguyen Van Hieu,Male,15/6/2002,901234567566,20CLC02,12345678
20127441,Ho Thi Mai,Female,7/1/2002,123456789677,20CLC02,12345678
20127250,Vo Van Quan,Male,25/11/2002,234567890788,20CLC02,12345678
20127803,Le Thi Kim Anh,Female,3/9/2002,345678901899,20CLC02,12345678
20127407,Truong Van Hung,Male,17/5/2002,456789012900,20CLC02,12345678
20127645,Nguyen Thi Thanh Thao,Female,12/10/2002,567890123011,20CLC02,12345678
20127835,Tran Van Dung,Male,22/7/2002,678901234122,20CLC02,12345678
20127651,Le Thi Ha,Female,5/4/2002,789012345233,20CLC02,12345678
20127585,Pham Van Tuan,Male,19/1/2002,890123456344,20CLC02,12345678
20127725,Hoang Thi Thanh Huyen,Female,9/11/2002,901234567455,20CLC02,12345678
20127864,Vo Van Huy,Male,30/8/2002,123456789566,20CLC02,12345678
20127310,Do Thi Phuong Thao,Female,14/2/2002,234567890677,20CLC02,12345678
20127882,Trinh Van Thanh,Male,24/6/2002,345678901788,20CLC02,12345678
20127447,Bui Thi Thanh Huong,Female,11/3/2002,456789012899,20CLC02,12345678
20127921,Luu Van Minh,Male,26/10/2002,567890123900,20CLC02,12345678
20127994,Ngo Thi Thu Ha,Female,6/7/2002,678901234011,20CLC02,12345678
20127341,Phan Van Trung,Male,21/12/2002,789012345122,20CLC02,12345678
20127435,Dinh Thi Lan Anh,Female,10/9/2002,890123456233,20CLC02,12345678
20127438,Huynh Van Nam,Male,5/5/2002,901234567344,20CLC02,12345678
20127906,Tran Thi Kim Ngan,Female,20/2/2002,123456789455,20CLC02,12345678
20127827,Nguyen Van Anh,Male,9/8/2002,234567890566,20CLC02,12345678
20127874,Ho Thi Thu Trang,Female,29/4/2002,345678901677,20CLC02,12345678
20127501,Vo Van Thanh,Male,17/1/2002,456789012788,20CLC02,12345678
20127813,Le Thi Ngoc Anh,Female,7/11/2002,567890123899,20CLC02,12345678
20127847,Truong Van Khanh,Male,23/6/2002,678901234900,20CLC02,12345678
20127677,Nguyen Thi Thu Ha,Female,12/3/2002,789012345011,20CLC02,12345678
20127564,Tran Van Long,Male,27/9/2002,890123456122,20CLC02,12345678
20127385,Le Thi Thu Huong,Female,18/5/2002,901234567233,20CLC02,12345678
20127980,Pham Van Son,Male,4/1/2002,123456789344,20CLC02,12345678
20127838,Hoang Thi Thu Hang,Female,21/10/2002,234567890455,20CLC02,12345678
20127517,Vo Van Phuong,Male,14/7/2002,345678901566,20CLC02,12345678
20127327,Do Thi Bich Ngoc,Female,3/2/2002,456789012677,20CLC02,12345678
20127947,Trinh Van Hieu,Male,11/11/2002,567890123788,20CLC02,12345678
20127563,Bui Thi Thanh Thao,Female,28/8/2002,678901234899,20CLC02,12345678
20127795,Luu Van Hien,Male,9/4/2002,789012345900,20CLC02,12345678
20127925,Ngo Thi Thu Hang,Female,23/1/2002,890123456011,20CLC02,12345678
20127768,Phan Van An,Male,6/6/2002,901234567122,20CLC02,12345678
20127842,Dinh Thi Thanh Huyen,Female,16/12/2002,123456789233,20CLC02,12345678
20127612,Huynh Van Thanh,Male,2/10/2002,234567890344,20CLC02,12345678
20127405,Tran Thi Mai Anh,Female,15/5/2002,345678901455,20CLC02,12345678
20127999,Nguyen Van Hoang,Male,10/2/2002,456789012566,20CLC02,12345678
20127482,Ho Thi Bich Ngoc,Female,26/8/2002,567890123677,20CLC02,12345678
20127246,Vo Van Hoa,Female,19/3/2002,678901234788,20CLC02,12345678
20127657,Le Thi Thuy Trang,Male,7/11/2002,789012345899,20CLC03,12345678
20127255,Truong Van Anh,Male,27/6/2002,890123456900,20CLC03,12345678
20127566,Nguyen Thi Kim Anh,Female,12/4/2002,901234567011,20CLC03,12345678
20127938,Tran Van Hieu,Male,8/1/2002,123456789122,20CLC03,12345678
20127726,Le Thi Bich Ngoc,Female,22/9/2002,234567890233,20CLC03,12345678
20127611,Pham Van Hoang,Male,4/5/2002,345678901344,20CLC03,12345678
20127618,Hoang Thi Thu Ha,Female,29/1/2002,456789012455,20CLC03,12345678
20127202,Vo Van Hieu,Male,11/8/2002,567890123566,20CLC03,12345678
20127467,Do Thi Mai Anh,Female,3/3/2002,678901234677,20CLC03,12345678
20127323,Trinh Van Hung,Male,17/10/2002,789012345788,20CLC03,12345678
20127575,Bui Thi Thuy Linh,Female,6/6/2002,890123456899,20CLC03,12345678
20127497,Luu Van Tuan,Male,21/1/2002,901234567900,20CLC03,12345678
20127403,Ngo Thi Thu Trang,Female,14/7/2002,123456789011,20CLC03,12345678
20127755,Phan Van Nam,Male,28/3/2002,234567890122,20CLC03,12345678
20127258,Dinh Thi Thu Ha,Female,8/12/2002,345678901233,20CLC03,12345678
20127716,Huynh Van Hieu,Male,1/10/2002,456789012344,20CLC03,12345678
20127541,Tran Thi Thu Huong,Female,16/5/2002,567890123455,20CLC03,12345678
20127807,Nguyen Van Khanh,Male,9/2/2002,678901234566,20CLC03,12345678
20127858,Ho Thi Thanh Thao,Female,25/9/2002,789012345677,20CLC03,12345678
20127572,Vo Van Trung,Male,15/4/2002,890123456788,20CLC03,12345678
20127356,Le Thi My Linh,Female,6/12/2002,901234567899,20CLC03,12345678
20127384,Truong Van Huy,Male,31/7/2002,123456789900,20CLC03,12345678
20127286,Nguyen Thi Thu Hang,Female,18/3/2002,234567890011,20CLC03,12345678
20127632,Tran Van Phuong,Male,5/11/2002,345678901122,20CLC03,12345678
20127363,Le Thi Huong,Female,24/6/2002,456789012233,20CLC03,12345678
20127887,Pham Van Nam,Male,11/2/2002,567890123344,20CLC03,12345678
20127987,Hoang Thi Phuong Thao,Female,3/8/2002,678901234455,20CLC03,12345678
20127498,Vo Van Anh,Male,20/1/2002,789012345566,20CLC03,12345678
20127693,Do Thi Lan,Female,13/10/2002,890123456677,20CLC03,12345678
20127606,Trinh Van An,Male,26/5/2002,901234567788,20CLC03,12345678
20127494,Bui Thi Hoa,Female,12/3/2002,123456789899,20CLC03,12345678
20127456,Luu Van Anh,Male,7/9/2002,234567890900,20CLC03,12345678
20127630,Ngo Thi Thu Huyen,Female,19/4/2002,345678901011,20CLC03,12345678
20127945,Phan Van Quan,Male,8/12/2002,456789012122,20CLC03,12345678
20127620,Dinh Thi Kim Anh,Female,24/7/2002,567890123233,20CLC03,12345678
20127584,Huynh Van Anh,Male,10/2/2002,678901234344,20CLC03,12345678
20127730,Tran Thi Thanh Thao,Female,5/10/2002,789012345455,20CLC03,12345678
20127490,Nguyen Van Anh,Male,21/5/2002,890123456566,20CLC03,12345678
20127445,Ho Thi Thu Huong,Female,13/1/2002,901234567677,20CLC03,12345678
20127650,Vo Van Minh,Male,28/8/2002,123456789788,20CLC03,12345678
20127266,Le Thi Hong,Female,14/4/2002,234567890899,20CLC03,12345678
20127238,Truong Van Anh,Male,7/12/2002,345678901900,20CLC03,12345678
20127320,Nguyen Thi Thanh Huong,Female,19/9/2002,456789012011,20CLC03,12345678
20127309,Tran Van Huy,Male,3/6/2002,567890123122,20CLC03,12345678
20127290,Le Thi Mai Anh,Female,9/11/2002,678901234233,20CLC03,12345678
20127603,Pham Van Hieu,Male,26/2/2002,789012345344,20CLC03,12345678
20127928,Hoang Thi Thu Trang,Female,12/8/2002,890123456455,20CLC03,12345678
20127777,Vo Van Hoang,Male,2/4/2002,901234567566,20CLC03,12345678
20127810,Do Thi Thu Huong,Female,15/12/2002,123456789677,20CLC03,12345678
20127870,Trinh Van Anh,Male,8/9/2002,234567890788,20CLC03,12345678
21127180,Le Thi Hong,Male,8/7/2003,345678901899,21CLC01,12345678
21127928,Truong Van Anh,Female,23/4/2003,456789012900,21CLC01,12345678
21127889,Nguyen Thi Thanh Huong,Male,9/9/2003,567890123011,21CLC01,12345678
21127561,Tran Van Huy,Female,13/2/2003,678901234122,21CLC01,12345678
21127825,Le Thi Mai Anh,Male,28/10/2003,789012345233,21CLC01,12345678
21127210,Pham Van Hieu,Female,19/6/2003,890123456344,21CLC01,12345678
21127877,Hoang Thi Thu Trang,Male,8/1/2003,901234567455,21CLC01,12345678
21127999,Vo Van Hoang,Female,14/12/2003,123456789566,21CLC01,12345678
21127365,Do Thi Thu Huong,Male,25/3/2003,234567890677,21CLC01,12345678
21127712,Trinh Van Anh,Female,6/8/2003,345678901788,21CLC01,12345678
21127750,Bui Thi Thanh Thuy,Male,10/5/2003,456789012899,21CLC01,12345678
21127743,Luu Van Hoang,Female,7/11/2003,567890123900,21CLC01,12345678
21127564,Ngo Thi Thu Thao,Male,20/9/2003,678901234011,21CLC01,12345678
21127598,Phan Van Hung,Female,3/2/2003,789012345122,21CLC01,12345678
21127894,Dinh Thi Ngoc Anh,Male,12/7/2003,890123456233,21CLC01,12345678
21127851,Huynh Van Huy,Female,29/1/2003,901234567344,21CLC01,12345678
21127806,Tran Thi Kim Anh,Male,17/6/2003,123456789455,21CLC01,12345678
21127872,Nguyen Van Hieu,Female,11/4/2003,234567890566,21CLC01,12345678
21127399,Ho Thi Thu Ha,Male,2/8/2003,345678901677,21CLC01,12345678
21127901,Vo Van Anh,Female,16/12/2003,456789012788,21CLC01,12345678
21127438,Le Thi Thuy Trang,Male,24/10/2003,567890123899,21CLC01,12345678
21127166,Truong Van Hieu,Female,22/3/2003,678901234900,21CLC01,12345678
21127782,Nguyen Thi Kim Anh,Male,9/7/2003,789012345011,21CLC01,12345678
21127415,Tran Van Hieu,Female,5/6/2003,890123456122,21CLC01,12345678
21127829,Le Thi Bich Ngoc,Male,21/11/2003,901234567233,21CLC01,12345678
21127631,Pham Van Hoang,Female,1/2/2003,123456789344,21CLC01,12345678
21127538,Hoang Thi Thu Ha,Male,28/9/2003,234567890455,21CLC01,12345678
21127339,Vo Van Hieu,Female,14/8/2003,345678901566,21CLC01,12345678
21127930,Do Thi Mai Anh,Male,7/4/2003,456789012677,21CLC01,12345678
21127715,Trinh Van Hung,Female,19/1/2003,567890123788,21CLC01,12345678
21127888,Bui Thi Thuy Linh,Male,23/5/2003,678901234899,21CLC01,12345678
21127172,Luu Van Tuan,Female,12/10/2003,789012345900,21CLC01,12345678
21127567,Ngo Thi Thu Trang,Male,8/3/2003,890123456011,21CLC01,12345678
21127121,Phan Van Nam,Female,2/9/2003,901234567122,21CLC01,12345678
21127915,Dinh Thi Thu Ha,Male,11/6/2003,123456789233,21CLC01,12345678
21127187,Huynh Van Hieu,Female,15/12/2003,234567890344,21CLC01,12345678
21127366,Tran Thi Thu Huong,Male,26/8/2003,345678901455,21CLC01,12345678
21127433,Nguyen Van Khanh,Female,18/4/2003,456789012566,21CLC01,12345678
21127873,Ho Thi Thanh Thao,Male,3/11/2003,567890123677,21CLC01,12345678
21127269,Vo Van Trung,Female,20/7/2003,678901234788,21CLC01,12345678
21127826,Le Thi My Linh,Male,9/2/2003,789012345899,21CLC01,12345678
21127293,Truong Van Huy,Female,5/10/2003,890123456900,21CLC01,12345678
21127548,Nguyen Thi Thu Hang,Male,24/6/2003,901234567011,21CLC01,12345678
21127149,Tran Van Phuong,Female,13/1/2003,123456789122,21CLC01,12345678
21127868,Le Thi Huong,Male,17/3/2003,234567890233,21CLC01,12345678
21127795,Pham Van Nam,Female,30/11/2003,345678901344,21CLC01,12345678
21127864,Hoang Thi Phuong Thao,Male,22/9/2003,456789012455,21CLC01,12345678
21127270,Vo Van Anh,Female,10/5/2003,567890123566,21CLC01,12345678
21127467,Do Thi Lan,Male,6/7/2003,678901234677,21CLC01,12345678
21127736,Trinh Van An,Female,21/12/2003,789012345788,21CLC01,12345678
21127276,Bui Thi Hoa,Male,1/10/2003,890123456899,21CLC02,12345678
21127652,Luu Van Anh,Female,8/4/2003,901234567900,21CLC02,12345678
21127958,Ngo Thi Thu Huyen,Male,18/2/2003,123456789011,21CLC02,12345678
21127807,Phan Van Quan,Female,11/8/2003,234567890122,21CLC02,12345678
21127218,Dinh Thi Kim Anh,Male,28/3/2003,345678901233,21CLC02,12345678
21127338,Huynh Van Anh,Female,15/6/2003,456789012344,21CLC02,12345678
21127975,Tran Thi Thanh Thao,Male,7/1/2003,567890123455,21CLC02,12345678
21127254,Nguyen Van Anh,Female,25/11/2003,678901234566,21CLC02,12345678
21127992,Ho Thi Thu Huong,Male,3/9/2003,789012345677,21CLC02,12345678
21127325,Vo Van Minh,Female,17/5/2003,890123456788,21CLC02,12345678
21127839,Le Thi Hong,Male,12/10/2003,901234567899,21CLC02,12345678
21127390,Truong Van Anh,Female,22/7/2003,123456789900,21CLC02,12345678
21127879,Nguyen Thi Thanh Huong,Male,5/4/2003,234567890011,21CLC02,12345678
21127153,Tran Van Huy,Female,19/1/2003,345678901122,21CLC02,12345678
21127943,Le Thi Mai Anh,Male,9/11/2003,456789012233,21CLC02,12345678
21127241,Pham Van Hieu,Female,30/8/2003,567890123344,21CLC02,12345678
21127524,Hoang Thi Thu Trang,Male,14/2/2003,678901234455,21CLC02,12345678
21127724,Vo Van Hoang,Female,24/6/2003,789012345566,21CLC02,12345678
21127987,Do Thi Thu Huong,Male,11/3/2003,890123456677,21CLC02,12345678
21127947,Trinh Van Anh,Female,26/10/2003,901234567788,21CLC02,12345678
21127239,Bui Thi Thanh Thuy,Male,6/7/2003,123456789899,21CLC02,12345678
21127499,Luu Van Hoang,Female,21/12/2003,234567890900,21CLC02,12345678
21127393,Ngo Thi Thu Thao,Male,10/9/2003,345678901011,21CLC02,12345678
21127730,Phan Van Hung,Female,5/5/2003,456789012122,21CLC02,12345678
21127463,Dinh Thi Ngoc Anh,Male,20/2/2003,567890123233,21CLC02,12345678
21127769,Huynh Van Huy,Female,9/8/2003,678901234344,21CLC02,12345678
21127587,Tran Thi Kim Anh,Male,29/4/2003,789012345455,21CLC02,12345678
21127494,Nguyen Van Hieu,Female,17/1/2003,890123456566,21CLC02,12345678
21127627,Ho Thi Thu Ha,Male,7/11/2003,901234567677,21CLC02,12345678
21127717,Vo Van Anh,Female,23/6/2003,123456789788,21CLC02,12345678
21127389,Le Thi Thuy Trang,Male,12/3/2003,234567890899,21CLC02,12345678
21127896,Truong Van Hieu,Female,27/9/2003,345678901900,21CLC02,12345678
21127310,Nguyen Thi Kim Anh,Male,18/5/2003,456789012011,21CLC02,12345678
21127556,Tran Van Hieu,Female,4/1/2003,567890123122,21CLC02,12345678
21127294,Le Thi Bich Ngoc,Male,21/10/2003,678901234233,21CLC02,12345678
21127358,Pham Van Hoang,Female,14/7/2003,789012345344,21CLC02,12345678
21127562,Hoang Thi Thu Ha,Male,3/2/2003,890123456455,21CLC02,12345678
21127921,Vo Van Hieu,Female,11/11/2003,901234567566,21CLC02,12345678
21127569,Do Thi Mai Anh,Male,28/8/2003,123456789677,21CLC02,12345678
21127860,Trinh Van Hung,Female,9/4/2003,234567890788,21CLC02,12345678
21127273,Bui Thi Thuy Linh,Male,23/1/2003,345678901899,21CLC02,12345678
21127765,Luu Van Tuan,Female,6/6/2003,456789012900,21CLC02,12345678
21127812,Ngo Thi Thu Trang,Male,16/12/2003,567890123011,21CLC02,12345678
21127129,Phan Van Nam,Female,2/10/2003,678901234122,21CLC02,12345678
21127222,Dinh Thi Thu Ha,Male,15/5/2003,789012345233,21CLC02,12345678
21127710,Huynh Van Hieu,Female,10/2/2003,890123456344,21CLC02,12345678
21127643,Tran Thi Thu Huong,Male,26/8/2003,901234567455,21CLC02,12345678
21127542,Nguyen Van Khanh,Female,19/3/2003,123456789566,21CLC02,12345678
21127970,Ho Thi Thanh Thao,Female,7/11/2003,234567890677,21CLC02,12345678
21127614,Vo Van Trung,Male,27/6/2003,345678901788,21CLC02,12345678
21127446,Le Thi My Linh,Male,12/4/2003,456789012899,21CLC03,12345678
21127830,Truong Van Huy,Female,8/1/2003,567890123900,21CLC03,12345678
21127682,Nguyen Thi Thu Hang,Male,22/9/2003,678901234011,21CLC03,12345678
21127658,Tran Van Phuong,Female,4/5/2003,789012345122,21CLC03,12345678
21127178,Le Thi Huong,Male,29/1/2003,890123456233,21CLC03,12345678
21127964,Pham Van Nam,Female,11/8/2003,901234567344,21CLC03,12345678
21127380,Hoang Thi Phuong Thao,Male,3/3/2003,123456789455,21CLC03,12345678
21127225,Vo Van Anh,Female,17/10/2003,234567890566,21CLC03,12345678
21127808,Do Thi Lan,Male,6/6/2003,345678901677,21CLC03,12345678
21127771,Trinh Van An,Female,21/1/2003,456789012788,21CLC03,12345678
21127120,Bui Thi Hoa,Male,14/7/2003,567890123899,21CLC03,12345678
21127847,Luu Van Anh,Female,28/3/2003,678901234900,21CLC03,12345678
21127441,Ngo Thi Thu Huyen,Male,8/12/2003,789012345011,21CLC03,12345678
21127189,Phan Van Quan,Female,1/10/2003,890123456122,21CLC03,12345678
21127985,Dinh Thi Kim Anh,Male,16/5/2003,901234567233,21CLC03,12345678
21127322,Huynh Van Anh,Female,9/2/2003,123456789344,21CLC03,12345678
21127206,Tran Thi Thanh Thao,Male,25/9/2003,234567890455,21CLC03,12345678
21127908,Nguyen Van Anh,Female,15/4/2003,345678901566,21CLC03,12345678
21127609,Ho Thi Thu Huong,Male,6/12/2003,456789012677,21CLC03,12345678
21127490,Vo Van Minh,Female,31/7/2003,567890123788,21CLC03,12345678
21127692,Le Thi Hong,Male,18/3/2003,678901234899,21CLC03,12345678
21127335,Truong Van Anh,Female,5/11/2003,789012345900,21CLC03,12345678
21127529,Nguyen Thi Thanh Huong,Male,24/6/2003,890123456011,21CLC03,12345678
21127687,Tran Van Huy,Female,11/2/2003,901234567122,21CLC03,12345678
21127934,Le Thi Mai Anh,Male,3/8/2003,123456789233,21CLC03,12345678
21127836,Pham Van Hieu,Female,20/1/2003,234567890344,21CLC03,12345678
21127259,Hoang Thi Thu Trang,Male,13/10/2003,345678901455,21CLC03,12345678
21127574,Vo Van Hoang,Female,26/5/2003,456789012566,21CLC03,12345678
21127278,Do Thi Thu Huong,Male,12/3/2003,567890123677,21CLC03,12345678
21127481,Trinh Van Anh,Female,7/9/2003,678901234788,21CLC03,12345678
21127665,Bui Thi Thanh Thuy,Male,19/4/2003,789012345899,21CLC03,12345678
21127130,Luu Van Hoang,Female,8/12/2003,890123456900,21CLC03,12345678
21127823,Ngo Thi Thu Thao,Male,24/7/2003,901234567011,21CLC03,12345678
21127941,Phan Van Hung,Female,10/2/2003,123456789122,21CLC03,12345678
21127190,Dinh Thi Ngoc Anh,Male,5/10/2003,234567890233,21CLC03,12345678
21127405,Huynh Van Huy,Female,21/5/2003,345678901344,21CLC03,12345678
21127950,Tran Thi Kim Anh,Male,13/1/2003,456789012455,21CLC03,12345678
21127803,Nguyen Van Hieu,Female,28/8/2003,567890123566,21CLC03,12345678
21127581,Ho Thi Thu Ha,Male,14/4/2003,678901234677,21CLC03,12345678
21127745,Vo Van Anh,Female,7/12/2003,789012345788,21CLC03,12345678
21127283,Le Thi Thuy Trang,Male,19/9/2003,890123456899,21CLC03,12345678
21127318,Truong Van Hieu,Female,3/6/2003,901234567900,21CLC03,12345678
21127248,Nguyen Thi Kim Anh,Male,9/11/2003,123456789011,21CLC03,12345678
21127412,Tran Van Hieu,Female,26/2/2003,234567890122,21CLC03,12345678
21127378,Le Thi Bich Ngoc,Male,12/8/2003,345678901233,21CLC03,12345678
21127758,Pham Van Hoang,Female,2/4/2003,456789012344,21CLC03,12345678
21127793,Hoang Thi Thu Ha,Male,15/12/2003,567890123455,21CLC03,12345678
21127536,Vo Van Hieu,Female,8/9/2003,678901234566,21CLC03,12345678
21127913,Do Thi Mai Anh,Male,24/5/2003,789012345677,21CLC03,12345678
21127156,Trinh Van Hung,Female,5/1/2003,890123456788,21CLC03,12345678
22127178,Le Thi Thuy Trang,Male,4/11/2004,901234567899,22CLC01,12345678
22127924,Tran Thi Bao,Female,23/09/2004,123456789900,22CLC01,12345678
22127563,Le Quoc Cuong,Male,17/07/2004,234567890011,22CLC01,12345678
22127294,Pham Thi Dung,Female,19/06/2004,345678901122,22CLC01,12345678
22127938,Hoang Van Duy,Male,29/08/2004,456789012233,22CLC01,12345678
22127850,Nguyen Thi Ha,Female,9/10/2004,567890123344,22CLC01,12345678
22127521,Tran Van Hieu,Male,2/1/2004,678901234455,22CLC01,12345678
22127685,Le Thi Lan,Female,27/04/2004,789012345566,22CLC01,12345678
22127770,Pham Van Long,Male,8/5/2004,890123456677,22CLC01,12345678
22127375,Hoang Thi Mai,Female,14/02/2004,901234567788,22CLC01,12345678
22127607,Nguyen Van Minh,Male,13/03/2004,123456789899,22CLC01,12345678
22127297,Tran Thi Nga,Female,18/12/2004,234567890900,22CLC01,12345678
22127584,Le Van Phuc,Male,11/7/2004,345678901011,22CLC01,12345678
22127333,Pham Thi Quyen,Female,28/09/2004,456789012122,22CLC01,12345678
22127916,Hoang Van Son,Male,25/08/2004,567890123233,22CLC01,12345678
22127738,Nguyen Thi Thu,Female,1/6/2004,678901234344,22CLC01,12345678
22127695,Tran Van Tuan,Male,26/10/2004,789012345455,22CLC01,12345678
22127781,Le Thi Uyen,Female,5/3/2004,890123456566,22CLC01,12345678
22127968,Pham Van Vinh,Male,22/11/2004,901234567677,22CLC01,12345678
22127381,Hoang Thi Yen,Female,16/01/2004,123456789788,22CLC01,12345678
22127145,Nguyen Van Anh,Male,7/4/2004,234567890899,22CLC01,12345678
22127512,Tran Thi Bich,Female,3/9/2004,345678901900,22CLC01,12345678
22127221,Le Quoc Chinh,Male,21/05/2004,456789012011,22CLC01,12345678
22127462,Pham Thi Dao,Female,12/8/2004,567890123122,22CLC01,12345678
22127123,Hoang Van Duong,Male,15/07/2004,678901234233,22CLC01,12345678
22127994,Nguyen Thi Giang,Female,10/12/2004,789012345344,22CLC01,12345678
22127280,Tran Van Huy,Male,20/06/2004,890123456455,22CLC01,12345678
22127883,Le Thi Ly,Female,30/04/2004,901234567566,22CLC01,12345678
22127713,Pham Van Nam,Male,6/2/2004,123456789677,22CLC01,12345678
22127429,Hoang Thi Ngoc,Female,24/03/2004,234567890788,22CLC01,12345678
22127657,Nguyen Van Phong,Male,31/10/2004,345678901899,22CLC01,12345678
22127391,Tran Thi Quy,Female,17/09/2004,456789012900,22CLC01,12345678
22127536,Le Van Quan,Male,19/11/2004,567890123011,22CLC01,12345678
22127714,Pham Thi Rang,Female,14/08/2004,678901234122,22CLC01,12345678
22127573,Hoang Van Sang,Male,23/01/2004,789012345233,22CLC01,12345678
22127653,Nguyen Thi Trang,Female,9/5/2004,890123456344,22CLC01,12345678
22127441,Tran Van Tri,Male,8/7/2004,901234567455,22CLC01,12345678
22127368,Le Thi Thanh,Female,2/12/2004,123456789566,22CLC01,12345678
22127277,Pham Van Thinh,Male,1/3/2004,234567890677,22CLC01,12345678
22127844,Hoang Thi Truc,Female,11/6/2004,345678901788,22CLC01,12345678
22127982,Nguyen Van Binh,Male,28/08/2004,456789012899,22CLC01,12345678
22127390,Tran Thi Cam,Female,25/04/2004,567890123900,22CLC01,12345678
22127865,Le Quoc Dinh,Male,20/02/2004,678901234011,22CLC01,12345678
22127947,Pham Thi Diem,Female,12/11/2004,789012345122,22CLC01,12345678
22127901,Hoang Van Hung,Male,7/10/2004,890123456233,22CLC01,12345678
22127641,Nguyen Thi Lan,Female,3/5/2004,901234567344,22CLC01,12345678
22127732,Tran Van Loc,Male,16/09/2004,123456789455,22CLC01,12345678
22127899,Le Thi Mai,Female,5/7/2004,234567890566,22CLC01,12345678
22127957,Pham Van Nhan,Male,22/12/2004,345678901677,22CLC01,12345678
22127791,Hoang Thi Nhung,Female,15/01/2004,456789012788,22CLC01,12345678
22127445,Nguyen Van Cuong,Male,24/06/2004,567890123899,22CLC02,12345678
22127302,Tran Thi Duyen,Female,31/03/2004,678901234900,22CLC02,12345678
22127486,Le Quoc Gia,Male,28/11/2004,789012345011,22CLC02,12345678
22127589,Pham Thi Ha,Female,10/8/2004,890123456122,22CLC02,12345678
22127808,Hoang Van Khoa,Male,9/2/2004,901234567233,22CLC02,12345678
22127233,Nguyen Thi Linh,Female,26/07/2004,123456789344,22CLC02,12345678
22127470,Tran Van Minh,Male,27/09/2004,234567890455,22CLC02,12345678
22127506,Le Thi Ngoc,Female,14/05/2004,345678901566,22CLC02,12345678
22127424,Pham Van Quang,Male,13/01/2004,456789012677,22CLC02,12345678
22127316,Hoang Thi Suong,Female,18/10/2004,567890123788,22CLC02,12345678
22127679,Nguyen Van Tien,Male,1/4/2004,678901234899,22CLC02,12345678
22127648,Tran Thi Thao,Female,20/08/2004,789012345900,22CLC02,12345678
22127176,Le Quoc Trung,Male,21/11/2004,890123456011,22CLC02,12345678
22127995,Pham Thi Van,Female,6/3/2004,901234567122,22CLC02,12345678
22127817,Hoang Van Anh,Male,8/6/2004,123456789233,22CLC02,12345678
22127626,Nguyen Thi Bao,Female,2/9/2004,234567890344,22CLC02,12345678
22127749,Tran Van Cuong,Male,19/07/2004,345678901455,22CLC02,12345678
22127248,Le Thi Dung,Female,25/12/2004,456789012566,22CLC02,12345678
22127455,Pham Van Duy,Male,16/04/2004,567890123677,22CLC02,12345678
22127133,Hoang Thi Ha,Female,11/2/2004,678901234788,22CLC02,12345678
22127209,Nguyen Van Hieu,Male,22/03/2004,789012345899,22CLC02,12345678
22127891,Tran Thi Hoa,Female,17/06/2004,890123456900,22CLC02,12345678
22127594,Le Quoc Hung,Male,30/09/2004,901234567011,22CLC02,12345678
22127939,Pham Thi Huong,Female,5/1/2004,123456789122,22CLC02,12345678
22127349,Hoang Van Kiet,Male,7/8/2004,234567890233,22CLC02,12345678
22127914,Nguyen Thi Lan,Female,13/05/2004,345678901344,22CLC02,12345678
22127362,Tran Van Long,Male,26/01/2004,456789012455,22CLC02,12345678
22127603,Le Thi Mai,Female,4/10/2004,567890123566,22CLC02,12345678
22127709,Pham Van Minh,Male,23/02/2004,678901234677,22CLC02,12345678
22127188,Hoang Thi Nga,Female,18/09/2004,789012345788,22CLC02,12345678
22127870,Nguyen Van Quan,Male,20/07/2004,890123456899,22CLC02,12345678
22127168,Tran Thi Quyen,Female,1/12/2004,901234567900,22CLC02,12345678
22127452,Le Quoc Son,Male,12/4/2004,123456789011,22CLC02,12345678
22127158,Pham Thi Thanh,Female,9/11/2004,234567890122,22CLC02,12345678
22127518,Hoang Van Thanh,Male,15/02/2004,345678901233,22CLC02,12345678
22127195,Nguyen Thi Trinh,Female,14/06/2004,456789012344,22CLC02,12345678
22127224,Tran Van Vinh,Male,28/03/2004,567890123455,22CLC02,12345678
22127147,Le Thi Xuan,Female,6/9/2004,678901234566,22CLC02,12345678
22127736,Pham Van An,Male,4/5/2004,789012345677,22CLC02,12345678
22127984,Hoang Thi Binh,Female,3/8/2004,890123456788,22CLC02,12345678
22127399,Nguyen Van Chinh,Male,27/12/2004,901234567899,22CLC02,12345678
22127292,Tran Thi Dao,Female,31/07/2004,123456789900,22CLC02,12345678
22127693,Le Quoc Dung,Male,24/09/2004,234567890011,22CLC02,12345678
22127767,Pham Thi Giang,Female,11/4/2004,345678901122,22CLC02,12345678
22127785,Hoang Van Hieu,Male,22/10/2004,456789012233,22CLC02,12345678
22127611,Nguyen Thi Hoai,Female,21/01/2004,567890123344,22CLC02,12345678
22127740,Tran Van Hung,Male,9/6/2004,678901234455,22CLC02,12345678
22127526,Le Thi Lan,Female,7/3/2004,789012345566,22CLC02,12345678
22127855,Pham Van Loc,Female,19/08/2004,890123456677,22CLC02,12345678
22127414,Hoang Thi Mai,Male,12/1/2004,901234567788,22CLC02,12345678
22127336,Nguyen Van Nam,Male,25/06/2004,123456789899,22CLC03,12345678
22127829,Tran Thi Ngoc,Female,13/09/2004,234567890900,22CLC03,12345678
22127437,Le Quoc Phuc,Male,18/04/2004,345678901011,22CLC03,12345678
22127260,Pham Thi Quyen,Female,15/11/2004,456789012122,22CLC03,12345678
22127251,Hoang Van Son,Male,20/03/2004,567890123233,22CLC03,12345678
22127503,Nguyen Thi Thao,Female,14/07/2004,678901234344,22CLC03,12345678
22127919,Tran Van Thuan,Male,26/05/2004,789012345455,22CLC03,12345678
22127943,Le Thi Trang,Female,16/10/2004,890123456566,22CLC03,12345678
22127872,Pham Van Tri,Male,3/2/2004,901234567677,22CLC03,12345678
22127826,Hoang Thi Uyen,Female,8/9/2004,123456789788,22CLC03,12345678
22127776,Nguyen Van Vinh,Male,7/12/2004,234567890899,22CLC03,12345678
22127976,Tran Thi Yen,Female,17/05/2004,345678901900,22CLC03,12345678
22127307,Le Quoc Anh,Male,22/08/2004,456789012011,22CLC03,12345678
22127635,Pham Thi Bich,Female,1/11/2004,567890123122,22CLC03,12345678
22127802,Hoang Van Cuong,Male,2/6/2004,678901234233,22CLC03,12345678
22127239,Nguyen Thi Dao,Female,10/3/2004,789012345344,22CLC03,12345678
22127884,Tran Van Dinh,Male,19/10/2004,890123456455,22CLC03,12345678
22127199,Le Thi Dung,Female,28/04/2004,901234567566,22CLC03,12345678
22127959,Pham Van Hieu,Male,6/8/2004,123456789677,22CLC03,12345678
22127469,Hoang Thi Huong,Female,4/1/2004,234567890788,22CLC03,12345678
22127705,Nguyen Van Khoi,Male,25/09/2004,345678901899,22CLC03,12345678
22127928,Tran Thi Lan,Female,9/7/2004,456789012900,22CLC03,12345678
22127578,Le Quoc Long,Male,10/12/2004,567890123011,22CLC03,12345678
22127491,Pham Thi Mai,Female,7/2/2004,678901234122,22CLC03,12345678
22127284,Hoang Van Minh,Male,26/06/2004,789012345233,22CLC03,12345678
22127327,Nguyen Thi Nga,Female,22/11/2004,890123456344,22CLC03,12345678
22127992,Tran Van Phat,Male,3/4/2004,901234567455,22CLC03,12345678
22127418,Le Thi Phuong,Female,23/07/2004,123456789566,22CLC03,12345678
22127347,Pham Van Quyen,Male,17/01/2004,234567890677,22CLC03,12345678
22127497,Hoang Thi Tam,Female,18/06/2004,345678901788,22CLC03,12345678
22127542,Nguyen Van Thanh,Male,14/09/2004,456789012899,22CLC03,12345678
22127965,Tran Thi Thuy,Female,31/05/2004,567890123900,22CLC03,12345678
22127797,Le Quoc Tuan,Male,15/04/2004,678901234011,22CLC03,12345678
22127411,Pham Thi Trang,Female,16/11/2004,789012345122,22CLC03,12345678
22127922,Hoang Van An,Male,13/08/2004,890123456233,22CLC03,12345678
22127674,Nguyen Thi Bao,Female,20/01/2004,901234567344,22CLC03,12345678
22127169,Tran Van Binh,Male,11/10/2004,123456789455,22CLC03,12345678
22127662,Le Thi Cam,Female,6/7/2004,234567890566,22CLC03,12345678
22127667,Pham Van Dung,Male,9/4/2004,345678901677,22CLC03,12345678
22127206,Hoang Thi Ha,Female,25/02/2004,456789012788,22CLC03,12345678
22127557,Nguyen Van Hieu,Male,5/11/2004,567890123899,22CLC03,12345678
22127967,Tran Thi Hoai,Female,28/06/2004,678901234900,22CLC03,12345678
22127699,Le Quoc Hung,Male,23/03/2004,789012345011,22CLC03,12345678
22127980,Pham Thi Huong,Female,7/9/2004,890123456122,22CLC03,12345678
22127631,Hoang Van Kiet,Male,14/12/2004,901234567233,22CLC03,12345678
22127566,Nguyen Thi Lan,Female,4/4/2004,123456789344,22CLC03,12345678
22127735,Tran Van Long,Male,18/01/2004,234567890455,22CLC03,12345678
22127218,Le Thi Mai,Female,12/7/2004,345678901566,22CLC03,12345678
22127154,Pham Van Minh,Male,21/10/2004,456789012677,22CLC03,12345678
22127896,Hoang Thi Nga,Female,26/04/2004,567890123788,22CLC03,12345678
23127196,Nguyen Van Anh,Male,15/8/2005,678901234899,23CLC01,12345678
23127673,Tran Thi Nhung,Female,22/10/2005,789012345900,23CLC01,12345678
23127933,Le Van Khoa,Male,9/7/2005,890123456011,23CLC01,12345678
23127791,Pham Thi Lan,Female,28/11/2005,901234567122,23CLC01,12345678
23127525,Hoang Van Hoa,Male,10/2/2005,123456789233,23CLC01,12345678
23127752,Nguyen Thi Ngoc,Female,17/4/2005,234567890344,23CLC01,12345678
23127467,Tran Van An,Male,23/6/2005,345678901455,23CLC01,12345678
23127169,Le Thi Minh,Female,6/3/2005,456789012566,23CLC01,12345678
23127584,Pham Van Minh,Male,20/9/2005,567890123677,23CLC01,12345678
23127122,Hoang Thi Thu,Female,5/1/2005,678901234788,23CLC01,12345678
23127842,Nguyen Van Dung,Male,12/8/2005,789012345899,23CLC01,12345678
23127992,Tran Thi Thao,Female,3/10/2005,890123456900,23CLC01,12345678
23127561,Le Van Hoang,Male,18/5/2005,901234567011,23CLC01,12345678
23127268,Pham Thi Bao,Female,22/3/2005,123456789122,23CLC01,12345678
23127188,Hoang Van Quan,Male,29/7/2005,234567890233,23CLC01,12345678
23127704,Nguyen Thi Hien,Female,14/12/2005,345678901344,23CLC01,12345678
23127946,Tran Van Phong,Male,4/6/2005,456789012455,23CLC01,12345678
23127286,Le Thi Thuy,Female,11/2/2005,567890123566,23CLC01,12345678
23127807,Pham Van Toan,Male,27/10/2005,678901234677,23CLC01,12345678
23127443,Hoang Thi Ngoc,Female,19/8/2005,789012345788,23CLC01,12345678
23127961,Nguyen Van Thanh,Male,25/1/2005,890123456899,23CLC01,12345678
23127335,Tran Thi Mai,Female,8/11/2005,901234567900,23CLC01,12345678
23127889,Le Van Khanh,Male,15/7/2005,123456789011,23CLC01,12345678
23127667,Pham Thi Kim,Female,2/4/2005,234567890122,23CLC01,12345678
23127611,Hoang Van Tai,Male,27/12/2005,345678901233,23CLC01,12345678
23127778,Nguyen Thi Kim,Female,10/10/2005,456789012344,23CLC01,12345678
23127571,Tran Van Thanh,Male,7/9/2005,567890123455,23CLC01,12345678
23127691,Le Thi Lan,Female,16/5/2005,678901234566,23CLC01,12345678
23127715,Pham Van Quang,Male,24/3/2005,789012345677,23CLC01,12345678
23127755,Hoang Thi Mai,Female,1/12/2005,890123456788,23CLC01,12345678
23127818,Nguyen Van Tien,Male,8/4/2005,901234567899,23CLC01,12345678
23127979,Tran Thi Thu,Female,21/2/2005,123456789900,23CLC01,12345678
23127427,Le Van Nhan,Male,29/10/2005,234567890011,23CLC01,12345678
23127259,Pham Thi Hoa,Female,18/6/2005,345678901122,23CLC01,12345678
23127780,Hoang Van Thanh,Male,3/11/2005,456789012233,23CLC01,12345678
23127439,Nguyen Thi Nhung,Female,12/9/2005,567890123344,23CLC01,12345678
23127563,Tran Van Hieu,Male,26/1/2005,678901234455,23CLC01,12345678
23127699,Le Thi Phuong,Female,13/7/2005,789012345566,23CLC01,12345678
23127395,Pham Van Hieu,Male,20/11/2005,890123456677,23CLC01,12345678
23127128,Hoang Thi Thuy,Female,11/4/2005,901234567788,23CLC01,12345678
23127962,Nguyen Van Tuan,Male,18/2/2005,123456789899,23CLC01,12345678
23127474,Tran Thi Huong,Female,19/2/2005,234567890900,23CLC01,12345678
23127888,Le Van Hien,Male,20/2/2005,345678901011,23CLC01,12345678
23127953,Pham Thi Ngan,Female,21/2/2005,456789012122,23CLC01,12345678
23127626,Hoang Van Hieu,Male,20/2/2005,567890123233,23CLC01,12345678
23127365,Nguyen Thi Ha,Female,20/2/2005,678901234344,23CLC01,12345678
23127824,Tran Van Khanh,Male,20/2/2005,789012345455,23CLC01,12345678
23127531,Le Thi Bich,Female,20/2/2005,890123456566,23CLC01,12345678
23127346,Pham Van Son,Male,20/2/2005,901234567677,23CLC01,12345678
23127594,Hoang Thi Ngoc,Female,20/2/2005,123456789788,23CLC01,12345678
23127792,Nguyen Van Binh,Male,8/4/2005,234567890899,23CLC02,12345678
23127482,Tran Thi Lan,Female,21/2/2005,345678901900,23CLC02,12345678
23127218,Le Van Phuong,Male,29/10/2005,456789012011,23CLC02,12345678
23127875,Pham Thi Thuy,Female,18/6/2005,567890123122,23CLC02,12345678
23127732,Hoang Van Hung,Male,3/11/2005,678901234233,23CLC02,12345678
23127886,Nguyen Thi Trang,Female,12/9/2005,789012345344,23CLC02,12345678
23127821,Tran Van Dung,Male,26/1/2005,890123456455,23CLC02,12345678
23127737,Le Thi Thao,Female,13/7/2005,901234567566,23CLC02,12345678
23127677,Pham Van Anh,Male,20/11/2005,123456789677,23CLC02,12345678
23127592,Hoang Thi Lan,Female,11/4/2005,234567890788,23CLC02,12345678
23127412,Nguyen Van Cuong,Male,18/2/2005,345678901899,23CLC02,12345678
23127372,Tran Thi Bich,Female,1/9/2005,456789012900,23CLC02,12345678
23127237,Le Van Anh,Male,15/8/2005,567890123011,23CLC02,12345678
23127984,Pham Thi Kim,Female,22/10/2005,678901234122,23CLC02,12345678
23127604,Hoang Van Tuan,Male,9/7/2005,789012345233,23CLC02,12345678
23127461,Nguyen Thi Ngoc,Female,28/11/2005,890123456344,23CLC02,12345678
23127863,Tran Van Hiep,Male,10/2/2005,901234567455,23CLC02,12345678
23127409,Le Thi Mai,Female,17/4/2005,123456789566,23CLC02,12345678
23127940,Pham Van Hung,Male,23/6/2005,234567890677,23CLC02,12345678
23127384,Hoang Thi Nhung,Female,6/3/2005,345678901788,23CLC02,12345678
23127713,Nguyen Van Binh,Male,20/9/2005,456789012899,23CLC02,12345678
23127897,Tran Thi Lan,Female,5/1/2005,567890123900,23CLC02,12345678
23127150,Le Van Phuong,Male,12/8/2005,678901234011,23CLC02,12345678
23127826,Pham Thi Thuy,Female,3/10/2005,789012345122,23CLC02,12345678
23127306,Hoang Van Hung,Male,18/5/2005,890123456233,23CLC02,12345678
23127180,Nguyen Thi Trang,Female,22/3/2005,901234567344,23CLC02,12345678
23127141,Tran Van Dung,Male,29/7/2005,123456789455,23CLC02,12345678
23127904,Le Thi Thao,Female,14/12/2005,234567890566,23CLC02,12345678
23127501,Pham Van Anh,Male,4/6/2005,345678901677,23CLC02,12345678
23127902,Hoang Thi Lan,Female,11/2/2005,456789012788,23CLC02,12345678
23127235,Nguyen Van Cuong,Male,27/10/2005,567890123899,23CLC02,12345678
23127721,Tran Thi Bich,Female,19/8/2005,678901234900,23CLC02,12345678
23127155,Le Van Anh,Male,25/1/2005,789012345011,23CLC02,12345678
23127354,Pham Thi Kim,Female,8/11/2005,890123456122,23CLC02,12345678
23127479,Hoang Van Tuan,Male,15/7/2005,901234567233,23CLC02,12345678
23127709,Nguyen Thi Ngoc,Female,2/4/2005,123456789344,23CLC02,12345678
23127262,Tran Van Hiep,Male,27/12/2005,234567890455,23CLC02,12345678
23127985,Le Thi Mai,Female,10/10/2005,345678901566,23CLC02,12345678
23127344,Pham Van Hung,Male,7/9/2005,456789012677,23CLC02,12345678
23127266,Hoang Thi Nhung,Female,16/5/2005,567890123788,23CLC02,12345678
23127633,Nguyen Van Binh,Male,24/3/2005,678901234899,23CLC02,12345678
23127498,Tran Thi Lan,Female,1/12/2005,789012345900,23CLC02,12345678
23127646,Le Van Phuong,Male,8/4/2005,890123456011,23CLC02,12345678
23127872,Pham Thi Thuy,Female,21/2/2005,901234567122,23CLC02,12345678
23127582,Hoang Van Hung,Male,29/10/2005,123456789233,23CLC02,12345678
23127303,Nguyen Thi Trang,Female,18/6/2005,234567890344,23CLC02,12345678
23127801,Tran Van Dung,Male,3/11/2005,345678901455,23CLC02,12345678
23127664,Le Thi Thao,Female,12/9/2005,456789012566,23CLC02,12345678
23127532,Pham Van Anh,Female,26/1/2005,567890123677,23CLC02,12345678
23127299,Vu Van Vu,Male,15/11/2005,678901234788,23CLC02,12345678
23127402,Nguyen Van Anh,Male,15/8/2005,789012345899,23CLC03,12345678
23127996,Tran Thi Nhung,Female,22/10/2005,890123456900,23CLC03,12345678
23127396,Le Van Khoa,Male,9/7/2005,901234567011,23CLC03,12345678
23127768,Pham Thi Lan,Female,28/11/2005,123456789122,23CLC03,12345678
23127674,Hoang Van Hoa,Male,10/2/2005,234567890233,23CLC03,12345678
23127799,Nguyen Thi Ngoc,Female,17/4/2005,345678901344,23CLC03,12345678
23127833,Tran Van An,Male,23/6/2005,456789012455,23CLC03,12345678
23127903,Le Thi Minh,Female,6/3/2005,567890123566,23CLC03,12345678
23127535,Pham Van Minh,Male,20/9/2005,678901234677,23CLC03,12345678
23127751,Hoang Thi Thu,Female,5/1/2005,789012345788,23CLC03,12345678
23127452,Nguyen Van Dung,Male,12/8/2005,890123456899,23CLC03,12345678
23127424,Tran Thi Thao,Female,3/10/2005,901234567900,23CLC03,12345678
23127658,Le Van Hoang,Male,18/5/2005,123456789011,23CLC03,12345678
23127177,Pham Thi Bao,Female,22/3/2005,234567890122,23CLC03,12345678
23127951,Hoang Van Quan,Male,29/7/2005,345678901233,23CLC03,12345678
23127827,Nguyen Thi Hien,Female,14/12/2005,456789012344,23CLC03,12345678
23127554,Tran Van Phong,Male,4/6/2005,567890123455,23CLC03,12345678
23127130,Le Thi Thuy,Female,11/2/2005,678901234566,23CLC03,12345678
23127275,Pham Van Toan,Male,27/10/2005,789012345677,23CLC03,12345678
23127643,Hoang Thi Ngoc,Female,19/8/2005,890123456788,23CLC03,12345678
23127120,Nguyen Van Thanh,Male,25/1/2005,901234567899,23CLC03,12345678
23127785,Tran Thi Mai,Female,8/11/2005,123456789900,23CLC03,12345678
23127415,Le Van Khanh,Male,15/7/2005,234567890011,23CLC03,12345678
23127697,Pham Thi Kim,Female,2/4/2005,345678901122,23CLC03,12345678
23127323,Hoang Van Tai,Male,27/12/2005,456789012233,23CLC03,12345678
23127253,Nguyen Thi Kim,Female,10/10/2005,567890123344,23CLC03,12345678
23127551,Tran Van Thanh,Male,7/9/2005,678901234455,23CLC03,12345678
23127728,Le Thi Lan,Female,16/5/2005,789012345566,23CLC03,12345678
23127212,Pham Van Quang,Male,24/3/2005,890123456677,23CLC03,12345678
23127163,Hoang Thi Mai,Female,1/12/2005,901234567788,23CLC03,12345678
23127915,Nguyen Van Tien,Male,8/4/2005,123456789899,23CLC03,12345678
23127280,Tran Thi Thu,Female,21/2/2005,234567890900,23CLC03,12345678
23127575,Le Van Nhan,Male,29/10/2005,345678901011,23CLC03,12345678
23127629,Pham Thi Hoa,Female,18/6/2005,456789012122,23CLC03,12345678
23127495,Hoang Van Thanh,Male,3/11/2005,567890123233,23CLC03,12345678
23127927,Nguyen Thi Nhung,Female,12/9/2005,678901234344,23CLC03,12345678
23127335,Tran Van Hieu,Male,26/1/2005,789012345455,23CLC03,12345678
23127858,Le Thi Phuong,Female,13/7/2005,890123456566,23CLC03,12345678
23127766,Pham Van Hieu,Male,20/11/2005,901234567677,23CLC03,12345678
23127488,Hoang Thi Thuy,Female,11/4/2005,123456789788,23CLC03,12345678
23127950,Nguyen Van Tuan,Male,18/2/2005,234567890899,23CLC03,12345678
23127302,Tran Thi Ngoc,Female,1/9/2005,345678901900,23CLC03,12345678
23127199,Le Van Huy,Male,15/8/2005,456789012011,23CLC03,12345678
23127514,Pham Thi Hanh,Female,22/10/2005,567890123122,23CLC03,12345678
23127661,Hoang Van Hoang,Male,9/7/2005,678901234233,23CLC03,12345678
23127921,Nguyen Thi Ha,Female,28/11/2005,789012345344,23CLC03,12345678
23127868,Tran Van Hieu,Male,10/2/2005,890123456455,23CLC03,12345678
23127449,Le Thi Kim,Female,17/4/2005,901234567566,23CLC03,12345678
23127357,Pham Van Long,Male,23/6/2005,123456789677,23CLC03,12345678
23127222,Hoang Thi My,Female,6/3/2005,234567890788,23CLC03,12345678
